<?xml version="1.0" encoding="UTF-8"?>  
<beans xmlns="http://www.springframework.org/schema/beans"   
       xmlns:aop="http://www.springframework.org/schema/aop"   
       xmlns:context="http://www.springframework.org/schema/context"  
       xmlns:mvc="http://www.springframework.org/schema/mvc"   
       xmlns:tx="http://www.springframework.org/schema/tx"   
       xmlns:xsi="http://www.w3.org/2001/XMLSchema-instance"  
       xsi:schemaLocation="http://www.springframework.org/schema/aop   
        http://www.springframework.org/schema/aop/spring-aop-4.0.xsd   
        http://www.springframework.org/schema/beans   
        http://www.springframework.org/schema/beans/spring-beans-4.0.xsd   
        http://www.springframework.org/schema/context   
        http://www.springframework.org/schema/context/spring-context-4.0.xsd   
        http://www.springframework.org/schema/mvc   
        http://www.springframework.org/schema/mvc/spring-mvc-4.0.xsd   
        http://www.springframework.org/schema/tx   
        http://www.springframework.org/schema/tx/spring-tx-4.0.xsd">  

	<mvc:resources location="/js/" mapping="/js/**"/>
	<mvc:resources location="/css/" mapping="/css/**"/>
	<mvc:resources location="/image/" mapping="/image/**"/>
	<mvc:resources location="/ueditor/" mapping="/ueditor/**"/>
	<mvc:resources location="/upload/" mapping="/upload/**"/>
	<mvc:resources location="/front/" mapping="/front/**"/>
	
  
    <bean class="org.springframework.web.servlet.view.InternalResourceViewResolver">  
        <property name="prefix" value="/WEB-INF/" />  
        <property name="suffix" value=".jsp" />  
    </bean>  
    
	
	
</beans>  